{
  "project_info": {
    "project_number": "893359862289",
    "firebase_url": "https://app1-2de56-default-rtdb.firebaseio.com",
    "project_id": "app1-2de56",
    "storage_bucket": "app1-2de56.appspot.com"
  },
  "client": [
    {
      "client_info": {
        "mobilesdk_app_id": "1:893359862289:android:3773e40888aacaaca237b0",
        "android_client_info": {
          "package_name": "com.ninfo.app"
        }
      },
      "oauth_client": [
        {
          "client_id": "893359862289-0068ian0rbduso6j18h1g6qbej17jd5h.apps.googleusercontent.com",
          "client_type": 3
        }
      ],
      "api_key": [
        {
          "current_key": "AIzaSyDJQcY-CKwRdIbCG70xiUp1mleS13AMXqI"
        }
      ],
      "services": {
        "appinvite_service": {
          "other_platform_oauth_client": [
            {
              "client_id": "893359862289-0068ian0rbduso6j18h1g6qbej17jd5h.apps.googleusercontent.com",
              "client_type": 3
            }
          ]
        }
      }
    }
  ],
  "configuration_version": "1"
}